index_content,word,nature,content_type,index_word
13,冬天,t,pos,0
13,老,a,pos,1
13,白开水,nr,pos,2
13,水,n,pos,3
13,劲儿,n,pos,4
13,最近,f,pos,5
13,刚,d,pos,6
13,医院,n,pos,7
13,做,v,pos,8
13,生化,vn,pos,9
13,血,n,pos,10
13,检查,vn,pos,11
13,发现,v,pos,12
13,尿酸,n,pos,13
13,甘油三酯,nz,pos,14
13,有点,n,pos,15
13,高,a,pos,16
13,医生,n,pos,17
13,建议,n,pos,18
13,碱性,n,pos,19
13,选择,v,pos,20
13,成分表,n,pos,21
13,属于,v,pos,22
13,无糖,n,pos,23
13,低热量,n,pos,24
13,口味,n,pos,25
13,清香,nr,pos,26
13,怪味,n,pos,27
13,冰镇,n,pos,28
13,饮用,n,pos,29
13,口感,n,pos,30
13,更佳,v,pos,31
13,物流,n,pos,32
13,真,d,pos,33
13,快,a,pos,34
13,凌晨,t,pos,35
13,下单,n,pos,36
13,晚上,t,pos,37
13,家,q,pos,38
13,真是,d,pos,39
13,足不出户,i,pos,40
13,轻松,a,pos,41
13,购,vg,pos,42
75,正品,n,pos,0
75,价格,n,pos,1
75,贵,a,pos,2
75,很大,a,pos,3
75,气,n,pos,4
75,挺,d,pos,5
75,目前,t,pos,6
75,问题,n,pos,7
75,后续,v,pos,8
75,追评,v,pos,9
75,质量,n,pos,10
75,合,v,pos,11
75,心意,n,pos,12
75,棒棒,n,pos,13
75,哒,zg,pos,14
75,需要,v,pos,15
75,亲们,n,pos,16
75,放心,v,pos,17
75,购买,v,pos,18
75,质量,n,pos,19
75,过关,v,pos,20
75,品质,n,pos,21
75,保障,v,pos,22
75,相当,d,pos,23
75,不错,a,pos,24
75,选择,v,pos,25
75,好多,m,pos,26
75,朋友,n,pos,27
75,想,v,pos,28
75,推荐,v,pos,29
80,平时,t,pos,0
80,经常,d,pos,1
80,纯净水,n,pos,2
80,劲儿,n,pos,3
80,最近,f,pos,4
80,刚,d,pos,5
80,医院,n,pos,6
80,做,v,pos,7
80,生化,vn,pos,8
80,血,n,pos,9
80,检查,vn,pos,10
80,发现,v,pos,11
80,尿酸,n,pos,12
80,甘油三酯,nz,pos,13
80,有点,n,pos,14
80,高,a,pos,15
80,医生,n,pos,16
80,建议,n,pos,17
80,碱性,n,pos,18
80,选择,v,pos,19
80,成分表,n,pos,20
80,属于,v,pos,21
80,无糖,n,pos,22
80,低热量,n,pos,23
80,特意,d,pos,24
80,试纸,vn,pos,25
80,测下,v,pos,26
80,酸碱性,n,pos,27
80,买错,v,pos,28
80,口味,n,pos,29
80,清香,nr,pos,30
80,怪味,n,pos,31
80,冰镇,n,pos,32
80,饮用,n,pos,33
80,口感,n,pos,34
80,更佳,v,pos,35
80,物流,n,pos,36
80,真,d,pos,37
80,快,a,pos,38
80,凌晨,t,pos,39
80,下单,n,pos,40
80,晚上,t,pos,41
80,家,q,pos,42
80,真是,d,pos,43
80,足不出户,i,pos,44
80,轻松,a,pos,45
80,购,vg,pos,46
81,以前,f,pos,0
81,觉得,v,pos,1
81,有味,n,pos,2
81,算,v,pos,3
81,尿酸,n,pos,4
81,高,a,pos,5
81,之后,f,pos,6
81,最好,a,pos,7
81,伙伴,n,pos,8
81,陪伴,n,pos,9
81,度过,v,pos,10
81,疼痛,n,pos,11
81,日子,n,pos,12
81,属于,v,pos,13
81,最好,a,pos,14
81,味道,n,pos,15
184,物流,n,pos,0
184,速度,n,pos,1
184,真的,d,pos,2
184,没话说,l,pos,3
184,一个,m,pos,4
184,字,n,pos,5
184,快,a,pos,6
184,商品,n,pos,7
184,外包装,n,pos,8
184,来看,u,pos,9
184,高档,b,pos,10
184,真是,d,pos,11
184,一分钱,n,pos,12
184,一分货,n,pos,13
184,贵,a,pos,14
184,有贵,a,pos,15
184,道理,n,pos,16
184,优惠,vn,pos,17
184,赶紧,d,pos,18
184,入手,v,pos,19
184,正品,n,pos,20
184,包装,v,pos,21
184,破损,v,pos,22
184,质量,n,pos,23
184,没得说,l,pos,24
184,棒,zg,pos,25
205,入口,ns,pos,0
205,先是,d,pos,1
205,柑味,n,pos,2
205,清爽,a,pos,3
205,果酸,n,pos,4
205,细细,a,pos,5
205,感受,v,pos,6
205,熟,v,pos,7
205,普,nr,pos,8
205,茶味,n,pos,9
205,涌现,v,pos,10
205,沁,v,pos,11
205,口腔,n,pos,12
205,一个,m,pos,13
205,角落,n,pos,14
205,口感,n,pos,15
205,柔和,a,pos,16
205,顺滑,v,pos,17
205,低调,v,pos,18
205,绵长,n,pos,19
205,坚定,a,pos,20
205,认为,v,pos,21
205,已经,d,pos,22
205,完胜,v,pos,23
205,市面,n,pos,24
205,售价,n,pos,25
205,元,m,pos,26
205,颗,m,pos,27
205,以下,f,pos,28
205,小青,nr,pos,29
205,柑,n,pos,30
205,平替,v,pos,31
205,过分,n,pos,32
205,谦虚,a,pos,33
272,包装,v,pos,0
272,设计,vn,pos,1
272,包装,v,pos,2
272,完整,a,pos,3
272,破损,v,pos,4
272,物流,n,pos,5
272,速度,n,pos,6
272,快捷,a,pos,7
272,方便,a,pos,8
272,口感,n,pos,9
272,口感,n,pos,10
272,纯正,d,pos,11
272,能量,n,pos,12
272,负担,v,pos,13
272,性价比,n,pos,14
272,高,a,pos,15
272,水,n,pos,16
272,青柑,n,pos,17
272,交融,n,pos,18
272,不错,a,pos,19
272,购物,n,pos,20
272,体验,n,pos,21
281,物流,n,pos,0
281,快速,d,pos,1
281,包装,v,pos,2
281,不错,a,pos,3
281,甜,a,pos,4
281,口感,n,pos,5
281,茶叶,n,pos,6
281,味道,n,pos,7
281,浓郁,a,pos,8
281,性价比,n,pos,9
281,高,a,pos,10
281,送,v,pos,11
281,朋友,n,pos,12
281,面子,n,pos,13
281,下次,t,pos,14
281,喝完,v,pos,15
281,解渴,v,pos,16
281,提神醒脑,l,pos,17
308,一次性,d,pos,0
308,四种,m,pos,1
308,口味,n,pos,2
308,集,q,pos,3
308,全,n,pos,4
308,紫气东来,l,pos,5
308,包装,v,pos,6
308,用心,n,pos,7
308,程度,n,pos,8
308,高,a,pos,9
308,瓶身,n,pos,10
308,设计,vn,pos,11
308,用心,n,pos,12
308,举,v,pos,13
308,零,m,pos,14
308,脂肪,n,pos,15
308,零,m,pos,16
308,卡路里,q,pos,17
308,热爱,a,pos,18
308,健身运动,l,pos,19
308,绝对,d,pos,20
308,福音,n,pos,21
362,总,b,pos,0
362,甜,a,pos,1
362,果汁,n,pos,2
362,碳酸,n,pos,3
362,身体,n,pos,4
362,不好,d,pos,5
362,喝茶,v,pos,6
362,味道,n,pos,7
362,寡淡,a,pos,8
362,细品,n,pos,9
362,味道,n,pos,10
362,挺不错,i,pos,11
362,做,v,pos,12
362,很多年,m,pos,13
362,现在,t,pos,14
362,逐渐,d,pos,15
362,得到,v,pos,16
362,大众,n,pos,17
362,认可,v,pos,18
362,不错,a,pos,19
484,看着,v,pos,0
484,颜色,n,pos,1
484,舒服,a,pos,2
484,澄澈,a,pos,3
484,透亮,a,pos,4
484,明显,a,pos,5
484,青柑,n,pos,6
484,陈皮,nr,pos,7
484,味道,n,pos,8
484,总体,n,pos,9
484,感觉,n,pos,10
484,一款,m,pos,11
484,便装,v,pos,12
484,饮,v,pos,13
484,不错,a,pos,14
484,醇和,nz,pos,15
484,易,a,pos,16
484,饮,n,pos,17
484,性价比,n,pos,18
484,挺,d,pos,19
484,高,a,pos,20
484,试试,vn,pos,21
812,天气,n,pos,0
812,热,a,pos,1
812,不能,v,pos,2
812,整天,m,pos,3
812,碳酸,n,pos,4
812,本来,t,pos,5
812,胖,a,pos,6
812,尿酸,n,pos,7
812,有点,n,pos,8
812,高,a,pos,9
812,喝茶,v,pos,10
812,挺,d,pos,11
812,尤其,d,pos,12
812,糖卡,n,pos,13
812,不错,a,pos,14
855,已经,d,pos,0
855,收到,v,pos,1
855,不错,a,pos,2
855,赠品,n,pos,3
855,性价比,n,pos,4
855,高,a,pos,5
855,爱,v,pos,6
855,爱,v,pos,7
945,口感,n,pos,0
945,网,n,pos,1
945,红,a,pos,2
945,青,a,pos,3
945,柑,n,pos,4
945,不错,a,pos,5
945,口味,n,pos,6
945,清爽,a,pos,7
945,口,q,pos,8
945,消食,n,pos,9
945,解,v,pos,10
945,腻,v,pos,11
945,相,v,pos,12
945,比较,d,pos,13
945,冲泡,n,pos,14
945,青柑,n,pos,15
945,味道,n,pos,16
945,略显,v,pos,17
945,寡淡,a,pos,18
945,冷藏,n,pos,19
945,推荐,v,pos,20
945,包装,v,pos,21
945,包装,v,pos,22
945,不错,a,pos,23
945,瓶身,n,pos,24
945,完整,a,pos,25
945,度,q,pos,26
945,高,a,pos,27
945,适应,v,pos,28
945,这种,r,pos,29
945,强迫症,n,pos,30
1091,真的,d,pos,0
1091,吹,v,pos,1
1091,特,d,pos,2
1091,吹,v,pos,3
1091,一把,m,pos,4
1091,物流,n,pos,5
1091,速度,n,pos,6
1091,每次,r,pos,7
1091,水,n,pos,8
1091,饮用,n,pos,9
1091,真的,d,pos,10
1091,快,a,pos,11
1091,速度,n,pos,12
1091,真的,d,pos,13
1091,没得说,l,pos,14
1091,分开,v,pos,15
1091,下单,n,pos,16
1091,一次,m,pos,17
1091,很多,m,pos,18
1091,箱子,n,pos,19
1091,不用,v,pos,20
1091,担心,v,pos,21
1091,服务,vn,pos,22
1091,不好,d,pos,23
1193,很好,a,pos,0
1193,区别,n,pos,1
1193,糖,n,pos,2
1193,茶品,n,pos,3
1193,现在,t,pos,4
1193,很多,m,pos,5
1193,口味,n,pos,6
1193,选择,v,pos,7
1193,价格,n,pos,8
1193,比较,d,pos,9
1193,高,a,pos,10
1193,希望,v,pos,11
1193,便宜,a,pos,12
1193,做,v,pos,13
1193,活动,vn,pos,14
1193,经常,d,pos,15
1193,点,q,pos,16
1204,真正,d,pos,0
1204,无糖,n,pos,1
1204,年,m,pos,2
1204,真的,d,pos,3
1204,家中,s,pos,4
1204,必不可少,l,pos,5
1204,前段时间,n,pos,6
1204,里,f,pos,7
1204,王,nr,pos,8
1204,性价比,n,pos,9
1204,更,d,pos,10
1204,高,a,pos,11
1204,一点,m,pos,12
1204,口感,n,pos,13
1204,更好,d,pos,14
1204,希望,v,pos,15
1204,越做越,v,pos,16
1206,零,m,pos,0
1206,清淡,a,pos,1
1206,白水,nr,pos,2
1206,味,n,pos,3
1206,零售,vn,pos,4
1206,有点,n,pos,5
1206,贵,a,pos,6
1206,早上,t,pos,7
1206,下单,n,pos,8
1206,整箱,n,pos,9
1206,中午,t,pos,10
1206,没想到,l,pos,11
1206,速度,n,pos,12
1206,真快,d,pos,13
1206,本来,t,pos,14
1206,现阶段,t,pos,15
1206,延迟,v,pos,16
1206,适应,v,pos,17
1414,物流,n,pos,0
1414,快,a,pos,1
1414,包装,v,pos,2
1414,不错,a,pos,3
1414,总体,n,pos,4
1414,搞,v,pos,5
1414,多一些,m,pos,6
1414,活动,vn,pos,7
1414,性价比,n,pos,8
1414,高,a,pos,9
1414,更好,d,pos,10
1414,口味,n,pos,11
1414,确实,ad,pos,12
1414,不错,a,pos,13
1414,比较,d,pos,14
1414,靠谱,n,pos,15
1414,比较,d,pos,16
1414,谱,v,pos,17
1428,经典,n,pos,0
1428,口味,n,pos,1
1428,价格,n,pos,2
1428,东西,ns,pos,3
1428,不贵,a,pos,4
1428,性价比,n,pos,5
1428,挺,d,pos,6
1428,高,a,pos,7
1428,买来,v,pos,8
1428,家人,n,pos,9
1428,平时,t,pos,10
1428,点,q,pos,11
1428,一箱,m,pos,12
1428,一箱,m,pos,13
1428,只不过,c,pos,14
1428,撑,v,pos,15
1428,不了,v,pos,16
1428,多长时间,n,pos,17
1428,喝完,v,pos,18
1445,口感,n,pos,0
1445,不错,a,pos,1
1445,配料表,n,pos,2
1445,里,f,pos,3
1445,乱七八糟,i,pos,4
1445,添加剂,n,pos,5
1445,贵,a,pos,6
1445,有贵,a,pos,7
1445,道理,n,pos,8
1445,相,v,pos,9
1445,比较,d,pos,10
1445,最近,f,pos,11
1445,比较,d,pos,12
1445,喜欢,v,pos,13
1586,家人,n,pos,0
1586,朋友,n,pos,1
1586,喜欢,v,pos,2
1586,牌子,n,pos,3
1586,天气,n,pos,4
1586,炎热,a,pos,5
1586,家里,s,pos,6
1586,一定,d,pos,7
1586,不能,v,pos,8
1586,少,a,pos,9
1586,甜甜的,z,pos,10
1586,水,n,pos,11
1586,经常,d,pos,12
1586,甜,a,pos,13
1586,甜,a,pos,14
1586,水会,n,pos,15
1586,身体,n,pos,16
1586,变得,v,pos,17
1586,不好,d,pos,18
1586,牙齿,n,pos,19
1586,变得,v,pos,20
1586,不好,d,pos,21
1586,建议,n,pos,22
1586,一点,m,pos,23
1586,茶类,n,pos,24
1586,这样的话,l,pos,25
1586,负担,v,pos,26
1586,口感,n,pos,27
1586,清甜,a,pos,28
1598,一次性,d,pos,0
1598,四种,m,pos,1
1598,口味,n,pos,2
1598,集,q,pos,3
1598,全,n,pos,4
1598,茉莉,n,pos,5
1598,清香,nr,pos,6
1598,围绕,v,pos,7
1598,包装,v,pos,8
1598,用心,n,pos,9
1598,程度,n,pos,10
1598,高,a,pos,11
1598,瓶身,n,pos,12
1598,设计,vn,pos,13
1598,用心,n,pos,14
1598,举,v,pos,15
1598,零,m,pos,16
1598,脂肪,n,pos,17
1598,零,m,pos,18
1598,卡路里,q,pos,19
1598,热爱,a,pos,20
1598,健身运动,l,pos,21
1598,绝对,d,pos,22
1598,福音,n,pos,23
1642,第一次,m,pos,0
1642,主要,b,pos,1
1642,糖,n,pos,2
1642,出门,v,pos,3
1642,带,v,pos,4
1642,方便,a,pos,5
1642,每次,r,pos,6
1642,出门,v,pos,7
1642,带,v,pos,8
1642,一个,m,pos,9
1642,真的,d,pos,10
1642,味道,n,pos,11
1642,相比,v,pos,12
1642,差不多,l,pos,13
1642,还原,v,pos,14
1642,度,zg,pos,15
1642,高,a,pos,16
1656,现在,t,pos,0
1656,东西,ns,pos,1
1656,比较,d,pos,2
1656,讲究,vn,pos,3
1656,希望,v,pos,4
1656,能够,v,pos,5
1656,成分,n,pos,6
1656,单纯,a,pos,7
1656,添加剂,n,pos,8
1656,尽量,d,pos,9
1656,采取,v,pos,10
1656,茶叶,n,pos,11
1656,原液,n,pos,12
1656,做,v,pos,13
1656,以后,f,pos,14
1656,感觉,n,pos,15
1656,口感,n,pos,16
1656,价格,n,pos,17
1656,一点,m,pos,18
1656,贵,a,pos,19
1656,货真价实,l,pos,20
1656,平时,t,pos,21
1656,订,v,pos,22
1656,异乡,n,pos,23
1656,异乡,n,pos,24
1656,朋友,n,pos,25
1656,家里,s,pos,26
1656,反馈,v,pos,27
1656,认准,v,pos,28
1656,品牌,n,pos,29
1656,希望,v,pos,30
1656,品质,n,pos,31
1656,保障,v,pos,32
1809,做,v,pos,0
1809,活动,vn,pos,1
1809,一箱,m,pos,2
1809,超市,v,pos,3
1809,优惠,vn,pos,4
1809,味道,n,pos,5
1809,不错,a,pos,6
1809,关键,n,pos,7
1809,甜,a,pos,8
1809,点,q,pos,9
1809,不会,v,pos,10
1809,糖分,n,pos,11
1809,高,a,pos,12
1809,茶香,n,pos,13
1809,味道,n,pos,14
1809,瓶子,n,pos,15
1809,外,f,pos,16
1809,标签,n,pos,17
1809,画,v,pos,18
1809,很美,m,pos,19
1878,最近,f,pos,0
1878,东风,n,pos,1
1878,风,n,pos,2
1878,很大,a,pos,3
1878,一箱,m,pos,4
1878,试试,vn,pos,5
1878,一股,m,pos,6
1878,茉莉,n,pos,7
1878,香味,n,pos,8
1878,蛮,d,pos,9
1878,清口,n,pos,10
1878,卡,n,pos,11
1878,适合,v,pos,12
1878,适合,v,pos,13
1878,减肥,v,pos,14
1878,人士,n,pos,15
1878,搭配,v,pos,16
1878,种草,n,pos,17
1878,拔草,v,pos,18
1878,风,n,pos,19
1878,很大,a,pos,20
1878,水,n,pos,21
1878,很大,a,pos,22
1989,已经,d,pos,0
1989,第二次,m,pos,1
1989,购买,v,pos,2
1989,性价比,n,pos,3
1989,高,a,pos,4
1989,便利店,n,pos,5
1989,划算,v,pos,6
1989,楼下,s,pos,7
1989,便利店,n,pos,8
1989,五块,m,pos,9
1989,钱,n,pos,10
1989,一瓶,m,pos,11
1989,适合,v,pos,12
1989,懒人,n,pos,13
1989,热量,n,pos,14
1989,低,a,pos,15
1989,减肥,v,pos,16
2113,口碑,n,pos,0
2113,不错,a,pos,1
2113,价格,n,pos,2
2113,真的,d,pos,3
2113,贵,a,pos,4
2113,幸亏,d,pos,5
2113,打折,v,pos,6
2113,活动,vn,pos,7
2113,价格,n,pos,8
2113,算下来,l,pos,9
2113,确实,ad,pos,10
2113,划算,v,pos,11
2113,很多,m,pos,12
2113,两,m,pos,13
2113,大箱,n,pos,14
2113,久,a,pos,15
2113,冰箱,n,pos,16
2113,放一放,l,pos,17
2113,冰镇,n,pos,18
2113,更好,d,pos,19
2179,口感,n,pos,0
2179,产品质量,n,pos,1
2179,不错,a,pos,2
2179,出品,n,pos,3
2179,品质,n,pos,4
2179,相当,d,pos,5
2179,过瘾,n,pos,6
2179,口感,n,pos,7
2179,相当,d,pos,8
2179,主要,b,pos,9
2179,香味,n,pos,10
2179,相当,d,pos,11
2179,浓,n,pos,12
2179,营养成分,l,pos,13
2179,产品,n,pos,14
2179,营养成分,l,pos,15
2179,能量,n,pos,16
2179,蛋白质,n,pos,17
2179,脂肪,n,pos,18
2179,碳水化合物,n,pos,19
2179,糖,n,pos,20
2179,全部都是,n,pos,21
2179,一个,m,pos,22
2179,茶多酚,nz,pos,23
2179,含量,n,pos,24
2179,相当,d,pos,25
2179,高,n,pos,26
2179,能量,n,pos,27
2179,能量,n,pos,28
2192,第一次,m,pos,0
2192,商城,ns,pos,1
2192,购买,v,pos,2
2192,超市,v,pos,3
2192,便宜,a,pos,4
2192,主播,vn,pos,5
2192,直播,vn,pos,6
2192,贵,a,pos,7
2192,一点,m,pos,8
2192,不敢,d,pos,9
2192,乱七八糟,i,pos,10
2192,主播,vn,pos,11
2192,东西,ns,pos,12
2192,吃,v,pos,13
2192,相信,v,pos,14
2192,商城,ns,pos,15
2192,品质,n,pos,16
2192,保证,v,pos,17
2198,之前,f,pos,0
2198,感觉,n,pos,1
2198,合,v,pos,2
2198,口味,n,pos,3
2198,乱七八糟,i,pos,4
2198,添加剂,n,pos,5
2198,保质期,n,pos,6
2198,有点,n,pos,7
2198,短,a,pos,8
2198,九个,m,pos,9
2198,月,m,pos,10
2198,一箱,m,pos,11
2198,尽快,d,pos,12
2268,一次性,d,pos,0
2268,四种,m,pos,1
2268,口味,n,pos,2
2268,集,q,pos,3
2268,全,n,pos,4
2268,乌龙,nr,pos,5
2268,厚德载物,i,pos,6
2268,包装,v,pos,7
2268,用心,n,pos,8
2268,程度,n,pos,9
2268,高,a,pos,10
2268,瓶身,n,pos,11
2268,设计,vn,pos,12
2268,用心,n,pos,13
2268,举,v,pos,14
2268,零,m,pos,15
2268,脂肪,n,pos,16
2268,零,m,pos,17
2268,卡路里,q,pos,18
2268,热爱,a,pos,19
2268,健身运动,l,pos,20
2268,绝对,d,pos,21
2268,福音,n,pos,22
2271,第一次,m,pos,0
2271,度假,v,pos,1
2271,地方,n,pos,2
2271,使用,v,pos,3
2271,网购,n,pos,4
2271,度假,v,pos,5
2271,少带,n,pos,6
2271,很多,m,pos,7
2271,东西,ns,pos,8
2271,水,n,pos,9
2271,吃,v,pos,10
2271,方便,a,pos,11
2271,完,v,pos,12
2271,扔,v,pos,13
2271,真没想到,l,pos,14
2271,服务,vn,pos,15
2271,能够,v,pos,16
2271,送到,v,pos,17
2271,酒店,n,pos,18
2271,门口,s,pos,19
2271,看到,v,pos,20
2271,酒店,n,pos,21
2271,里面,f,pos,22
2271,很多,m,pos,23
2271,客人,n,pos,24
2271,采用,v,pos,25
2271,这种,r,pos,26
2271,方式,n,pos,27
2271,网购,v,pos,28
2271,酒店,n,pos,29
2271,里,f,pos,30
2271,矿泉水,n,pos,31
2271,稍微,d,pos,32
2271,增加,v,pos,33
2271,一点,m,pos,34
2271,口味,n,pos,35
2271,口味,n,pos,36
2271,蛮好,a,pos,37
2271,价格,n,pos,38
2271,比较,d,pos,39
2271,高,a,pos,40
2404,口味,n,pos,0
2404,不错,a,pos,1
2404,清淡,a,pos,2
2404,茶香,n,pos,3
2404,带,v,pos,4
2404,一点点,m,pos,5
2404,甘甜,nr,pos,6
2404,味道,n,pos,7
2404,不腻,a,pos,8
2404,不会,v,pos,9
2404,摄入,v,pos,10
2404,糖分,n,pos,11
2404,高,a,pos,12
2404,浓缩,v,pos,13
2404,果汁,n,pos,14
2404,兑,v,pos,15
2404,一起,m,pos,16
2404,味道,n,pos,17
2404,活动,vn,pos,18
2404,价格便宜,n,pos,19
2428,不错,a,pos,0
2428,含糖,n,pos,1
2428,很多,m,pos,2
2428,乱七八糟,i,pos,3
2428,添加剂,n,pos,4
2428,解渴,v,pos,5
2428,一箱,m,pos,6
2428,味,n,pos,7
2428,一箱,m,pos,8
2428,味,n,pos,9
2552,分不清楚,l,pos,0
2552,购买,v,pos,1
2552,次,m,pos,2
2552,口感,n,pos,3
2552,浓郁,a,pos,4
2552,味道,n,pos,5
2552,营养成分,l,pos,6
2552,高,a,pos,7
2552,主要,b,pos,8
2552,热量,n,pos,9
2552,天天,t,pos,10
2552,囤货,v,pos,11
2568,口感,n,pos,0
2568,口感,n,pos,1
2568,甘甜,nr,pos,2
2568,味道,n,pos,3
2568,新鲜感,n,pos,4
2568,强,a,pos,5
2568,营养成分,l,pos,6
2568,营养,n,pos,7
2568,不好,d,pos,8
2568,检测,vn,pos,9
2568,仪器,n,pos,10
2568,味道,n,pos,11
2568,营养,n,pos,12
2568,不会,v,pos,13
2568,差,a,pos,14
2568,能量,n,pos,15
2568,能量,n,pos,16
2568,噢,e,pos,17
2568,糖尿病,n,pos,18
2568,患者,n,pos,19
2568,服用,vn,pos,20
2574,七八年,m,pos,0
2574,一如,c,pos,1
2574,继往,v,pos,2
2574,品质,n,pos,3
2574,口感,n,pos,4
2574,价钱,n,pos,5
2574,高,a,pos,6
2574,永远,d,pos,7
2574,超市,v,pos,8
2574,卖,v,pos,9
2574,便宜,a,pos,10
2574,送货上门,l,pos,11
2598,味道,n,pos,0
2598,清香,nr,pos,1
2598,清淡,a,pos,2
2598,糖份,n,pos,3
2598,女儿,n,pos,4
2598,减肥,v,pos,5
2598,健身,v,pos,6
2598,路上,s,pos,7
2598,好伴侣,n,pos,8
2598,钟情,n,pos,9
2598,一瓶,m,pos,10
2598,提神醒脑,l,pos,11
2598,原来,d,pos,12
2598,实体店,n,pos,13
2598,价格,n,pos,14
2598,贵,a,pos,15
2598,每天,r,pos,16
2598,一瓶,m,pos,17
2598,一月,m,pos,18
2598,下来,t,pos,19
2598,不小,a,pos,20
2598,开支,v,pos,21
2598,碰到,v,pos,22
2598,做,v,pos,23
2598,活动,vn,pos,24
2598,果断,d,pos,25
2598,二箱,m,pos,26
2598,希望,v,pos,27
2598,以后,f,pos,28
2598,活动,vn,pos,29
2598,多多,m,pos,30
2783,已经,d,pos,0
2783,记得,v,pos,1
2783,箱,q,pos,2
2783,认为,v,pos,3
2783,里,f,pos,4
2783,棒,a,pos,5
2783,一款,m,pos,6
2783,味道,n,pos,7
2783,口感,n,pos,8
2783,不错,a,pos,9
2783,工艺,n,pos,10
2783,比较复杂,l,pos,11
2783,最大,a,pos,12
2783,程度,n,pos,13
2783,保留,v,pos,14
2783,口感,n,pos,15
2783,里面,f,pos,16
2783,不好,d,pos,17
2783,成分,n,pos,18
2783,挺,d,pos,19
2783,适合,v,pos,20
2783,长时间,l,pos,21
2783,饮用,n,pos,22
2783,尤其,d,pos,23
2783,放,v,pos,24
2783,冰箱,n,pos,25
2783,里,f,pos,26
2783,冷藏,n,pos,27
2783,一下,m,pos,28
2783,口感,n,pos,29
2783,更好,d,pos,30
2796,全家人,n,pos,0
2796,超,v,pos,1
2796,喜爱,v,pos,2
2796,逢,zg,pos,3
2796,特价,n,pos,4
2796,必,d,pos,5
2796,囤货,v,pos,6
2796,日常,d,pos,7
2796,饮,n,pos,8
2796,用品,n,pos,9
2796,打游戏,l,pos,10
2796,发呆,v,pos,11
2796,工作,vn,pos,12
2796,看电视,v,pos,13
2796,朋友,n,pos,14
2796,做客,n,pos,15
2796,外出,v,pos,16
2796,必备,v,pos,17
2796,真的,d,pos,18
2796,贵,a,pos,19
2796,很早,d,pos,20
2796,之前,f,pos,21
2796,贵,a,pos,22
2796,一倍,m,pos,23
2796,价位,n,pos,24
2796,口感,n,pos,25
2796,营养成分,l,pos,26
2796,茶多酚,nz,pos,27
2796,能量,n,pos,28
2806,牌子,n,pos,0
2806,性价比,n,pos,1
2806,高,a,pos,2
2806,外面,f,pos,3
2806,便宜,a,pos,4
2806,很多,m,pos,5
2806,划算,v,pos,6
2806,口感,n,pos,7
2806,甘甜,nr,pos,8
2806,推荐,v,pos,9
2806,购买,v,pos,10
2806,不错,a,pos,11
2806,活动,vn,pos,12
2806,价,n,pos,13
2806,力,n,pos,14
2806,推荐,v,pos,15
2806,推荐,v,pos,16
2826,出品,n,pos,0
2826,喝喝,v,pos,1
2826,口感,n,pos,2
2826,茶味,n,pos,3
2826,感觉,n,pos,4
2826,很浓,l,pos,5
2826,真是,d,pos,6
2826,原液,n,pos,7
2826,茶液,n,pos,8
2826,适合,v,pos,9
2826,解,v,pos,10
2826,口渴,n,pos,11
2826,牛饮,n,pos,12
2826,适合,v,pos,13
2826,下午茶,n,pos,14
2826,慢,a,pos,15
2826,饮,n,pos,16
2826,适合,v,pos,17
2826,外出,v,pos,18
2826,携带,v,pos,19
2826,适合,v,pos,20
2826,独自,d,pos,21
2826,品品,n,pos,22
2826,不可,v,pos,23
2826,缺少,v,pos,24
2826,茶伴,n,pos,25
2868,货,n,pos,0
2868,收到,v,pos,1
2868,拆开,v,pos,2
2868,质量,n,pos,3
2868,东西,ns,pos,4
2868,官网,n,pos,5
2868,区别,n,pos,6
2868,里面,f,pos,7
2868,查中,nrt,pos,8
2868,含糖,n,pos,9
2868,维多,nrt,pos,10
2868,顺口,n,pos,11
2868,肥胖,a,pos,12
2868,瓶子,n,pos,13
2868,包装,v,pos,14
2868,很漂亮,n,pos,15
2868,茶色,n,pos,16
2868,很漂亮,n,pos,17
2868,更,d,pos,18
2868,停不下来,v,pos,19
2868,现在,t,pos,20
2868,搞,v,pos,21
2868,养生,v,pos,22
2868,壶,q,pos,23
2868,每天,r,pos,24
2868,泡,v,pos,25
2868,完,v,pos,26
2868,两个,m,pos,27
2868,几个,m,pos,28
2868,小时,n,pos,29
2868,亮,v,pos,30
2868,亮,v,pos,31
2868,往里面,n,pos,32
2868,架子,n,pos,33
2868,算,v,pos,34
2868,省,n,pos,35
2868,一点,m,pos,36
2868,钱,n,pos,37
2868,贵,a,pos,38
2868,点,m,pos,39
2868,只能,v,pos,40
2894,口感,n,pos,0
2894,清爽,a,pos,1
2894,零卡,n,pos,2
2894,零,vn,pos,3
2894,添加,v,pos,4
2894,脂肪,n,pos,5
2894,不错,a,pos,6
2894,夏季,t,pos,7
2894,饮品,n,pos,8
2894,冷冻,v,pos,9
2894,饮用,n,pos,10
2894,更佳,v,pos,11
2894,活动,vn,pos,12
2894,时,n,pos,13
2894,购买,v,pos,14
2894,性价比,n,pos,15
2894,更,d,pos,16
2894,高,a,pos,17
2894,快递,v,pos,18
2894,确实,ad,pos,19
2894,力,n,pos,20
2894,头,n,pos,21
2894,天下,s,pos,22
2894,单,n,pos,23
2894,送货到,l,pos,24
2894,家,m,pos,25
2971,挺,d,pos,0
2971,茶类,n,pos,1
2971,甜度,n,pos,2
2971,高,a,pos,3
2971,味道,n,pos,4
2971,适中,v,pos,5
2971,零,m,pos,6
2971,卡路里,q,pos,7
2971,配料,n,pos,8
2971,少,a,pos,9
2971,不能,v,pos,10
2971,水,n,pos,11
2991,最近,f,pos,0
2991,经常,d,pos,1
2991,购买,v,pos,2
2991,性价比,n,pos,3
2991,高,a,pos,4
2991,方便,a,pos,5
2991,购买,v,pos,6
2991,送货,v,pos,7
2991,速度,n,pos,8
2991,快,a,pos,9
2991,基本上,n,pos,10
2991,送达,v,pos,11
2991,现在,t,pos,12
2991,收到,v,pos,13
2991,一箱,m,pos,14
2991,之后,f,pos,15
2991,慢慢,d,pos,16
2991,不错,a,pos,17
3026,味道,n,pos,0
3026,清淡,a,pos,1
3026,浓茶,n,pos,2
3026,那种,r,pos,3
3026,口味,n,pos,4
3026,甜味,n,pos,5
3026,乱七八糟,i,pos,6
3026,添加剂,n,pos,7
3026,喝茶,v,pos,8
3026,热,a,pos,9
3026,凉茶,n,pos,10
3026,舒服,a,pos,11
3026,最近,f,pos,12
3026,搞,v,pos,13
3026,活动,vn,pos,14
3026,经常,d,pos,15
3026,价,n,pos,16
3026,符合,v,pos,17
3026,需求,v,pos,18
3051,做,v,pos,0
3051,活动,vn,pos,1
3051,合算,v,pos,2
3051,箱,q,pos,3
3051,可惜,v,pos,4
3051,平时,t,pos,5
3051,经常,d,pos,6
3051,一个系列,m,pos,7
3051,应该,v,pos,8
3051,不错,a,pos,9
3051,系列产品,n,pos,10
3051,口感,n,pos,11
3051,不错,a,pos,12
3051,长胖,a,pos,13
3051,试试看,v,pos,14
3051,疫情,n,pos,15
3051,结束,v,pos,16
3051,很慢,a,pos,17
3051,知道,v,pos,18
3051,凌晨,t,pos,19
3051,一点,m,pos,20
3051,左右,m,pos,21
3051,下单,n,pos,22
3051,下午,t,pos,23
3051,点,m,pos,24
3051,左右,m,pos,25
3051,送到,v,pos,26
3051,物流,n,pos,27
3051,真是,d,pos,28
3051,不错,a,pos,29
3051,以后,f,pos,30
3051,经常,d,pos,31
3051,多多,m,pos,32
3051,做点,n,pos,33
3051,更,d,pos,34
3051,力度,n,pos,35
3051,活动,vn,pos,36
3051,更好,d,pos,37
3060,口感,n,pos,0
3060,清爽,a,pos,1
3060,负担,v,pos,2
3060,放,v,pos,3
3060,冰箱,n,pos,4
3060,里冰一冰,nr,pos,5
3060,清爽,a,pos,6
3060,有点,n,pos,7
3060,贵,a,pos,8
3060,毛病,n,pos,9
3060,已经,d,pos,10
3060,养成,v,pos,11
3060,习惯,n,pos,12
3060,家中,s,pos,13
3060,常备,n,pos,14
3112,口感,n,pos,0
3112,清爽,a,pos,1
3112,干净,a,pos,2
3112,一点,m,pos,3
3112,油腻,n,pos,4
3112,营养成分,l,pos,5
3112,茶水,n,pos,6
3112,能量,n,pos,7
3112,能量,n,pos,8
3112,水,n,pos,9
3112,没什么,l,pos,10
3112,杂质,n,pos,11
3112,异味,n,pos,12
3112,品质,n,pos,13
3112,不错,a,pos,14
3112,配料表,n,pos,15
3112,干净,a,pos,16
3112,乱七八糟,i,pos,17
3114,以前,f,pos,0
3114,从没,d,pos,1
3114,觉得,v,pos,2
3114,觉得,v,pos,3
3114,含糖,n,pos,4
3114,茶类,n,pos,5
3114,口感,n,pos,6
3114,不好,d,pos,7
3114,偶然间,n,pos,8
3114,朋友,n,pos,9
3114,种草,n,pos,10
3114,一下,m,pos,11
3114,感觉,n,pos,12
3114,不错,a,pos,13
3114,清,a,pos,14
3114,火,n,pos,15
3114,解渴,v,pos,16
3114,瓶,n,pos,17
3114,冰凉,z,pos,18
3114,应该,v,pos,19
3114,更好,d,pos,20
3133,@,r,pos,0
3133,品牌,n,pos,1
3133,系列,q,pos,2
3133,特r,n,pos,3
3133,r候,n,pos,4
3133,一定,d,pos,5
3133,,v,pos,6
3133,I,v,pos,7
3133,因,c,pos,8
3133,我,r,pos,9
3133,喜g,v,pos,10
3133,o,v,pos,11
3133,糖,n,pos,12
3133,料,n,pos,13
3133,他,r,pos,14
3133,家,q,pos,15
3133,m然,c,pos,16
3133,很多,m,pos,17
3133,通路,n,pos,18
3133,u,v,pos,19
3133,不^,c,pos,20
3133,京|,ns,pos,21
3133,做活,v,pos,22
3133,,v,pos,23
3133,r候,n,pos,24
3133,性r,n,pos,25
3133,,d,pos,26
3133,特e,d,pos,27
3133,高,a,pos,28
3133,,d,pos,29
3133,包送,v,pos,30
3133,到家,l,pos,31
3133,家e,s,pos,32
3133,一定,d,pos,33
3133,囤,v,pos,34
3133,,n,pos,35
3133,,q,pos,36
3133,紫,m,pos,37
3133,想喝,v,pos,38
3133,r候,n,pos,39
3133,Sr,d,pos,40
3172,商城,ns,pos,0
3172,网购,n,pos,1
3172,平台,n,pos,2
3172,活动,vn,pos,3
3172,价格,n,pos,4
3172,平时,t,pos,5
3172,便宜,a,pos,6
3172,好多钱,l,pos,7
3172,家里,s,pos,8
3172,大人,n,pos,9
3172,小孩,n,pos,10
3172,味道,n,pos,11
3172,不错,a,pos,12
3172,嘴里,s,pos,13
3172,味道,n,pos,14
3172,甘甜,nr,pos,15
3172,爽口,vn,pos,16
3172,不会,v,pos,17
3172,太甜,nr,pos,18
3172,口里,s,pos,19
3172,留有,v,pos,20
3172,茶香,n,pos,21
3172,减肥,v,pos,22
3172,控制,v,pos,23
3172,体重,n,pos,24
3172,放心,v,pos,25
3172,食用,n,pos,26
3172,无糖,n,pos,27
3172,零,m,pos,28
3172,卡路里,q,pos,29
3172,绝不会,l,pos,30
3172,负担,v,pos,31
3243,@款,r,pos,0
3243,品,n,pos,1
3243,,v,pos,2
3243,最常,d,pos,3
3243,I,v,pos,4
3243,料,n,pos,5
3243,r格,n,pos,6
3243,便宜,a,pos,7
3243,以外,c,pos,8
3243,主要,b,pos,9
3243,是,c,pos,10
3243,因,c,pos,11
3243,o,v,pos,12
3243,糖,n,pos,13
3243,因,c,pos,14
3243,很多,m,pos,15
3243,超商,v,pos,16
3243,通路,n,pos,17
3243,I,v,pos,18
3243,得到,v,pos,19
3243,I,v,pos,20
3243,管道,n,pos,21
3243,方便,a,pos,22
3243,著,v,pos,23
3243,京|,ns,pos,24
3243,惠,vn,pos,25
3243,活,vn,pos,26
3243,r候,n,pos,27
3243,下,v,pos,28
3243,r格,n,pos,29
3243,市面上,n,pos,30
3243,,d,pos,31
3243,便宜,a,pos,32
3243,不少,d,pos,33
3243,,d,pos,34
3243,送,v,pos,35
3243,到家,l,pos,36
3243,性r,n,pos,37
3243,比,d,pos,38
3243,高,a,pos,39
3350,想买,v,pos,0
3350,犹豫,a,pos,1
3350,廉价,n,pos,2
3350,感觉,n,pos,3
3350,高端,n,pos,4
3350,棒,zg,pos,5
3350,想买,v,pos,6
3350,犹豫,a,pos,7
3350,廉价,n,pos,8
3350,感觉,n,pos,9
3350,高端,n,pos,10
3350,棒,zg,pos,11
3388,便宜,a,pos,0
3388,囤,v,pos,1
3388,一箱,m,pos,2
3388,清香,nr,pos,3
3388,爽口,vn,pos,4
3388,非常适合,i,pos,5
3388,有点,n,pos,6
3388,贵,a,pos,7
3466,上午,t,pos,0
3466,下午,t,pos,1
3466,物流,n,pos,2
3466,超级,b,pos,3
3466,快,a,pos,4
3466,买喝,v,pos,5
3466,东西,ns,pos,6
3466,果汁,n,pos,7
3466,水,n,pos,8
3466,不错,a,pos,9
3466,定,v,pos,10
3466,一箱,m,pos,11
3466,味道,n,pos,12
3466,不错,a,pos,13
3466,乱七八糟,i,pos,14
3466,添加,v,pos,15
3466,放心,v,pos,16
3477,口感,n,pos,0
3477,能量,n,pos,1
3477,赶上,d,pos,2
3477,活动,vn,pos,3
3477,一次,m,pos,4
3477,箱,q,pos,5
3477,性价比,n,pos,6
3477,高,a,pos,7
3491,双十,m,pos,0
3491,活动,vn,pos,1
3491,价格,n,pos,2
3491,挺,d,pos,3
3491,划算,v,pos,4
3491,老公,nr,pos,5
3491,爱喝,nr,pos,6
3491,家中,s,pos,7
3491,常备,n,pos,8
3491,不错,a,pos,9
3491,常温,n,pos,10
3491,放,v,pos,11
3491,一部分,m,pos,12
3491,冰,n,pos,13
3491,一部分,m,pos,14
3491,口感,n,pos,15
3491,不错,a,pos,16
3491,负担,v,pos,17
3491,不用,v,pos,18
3491,担心,v,pos,19
3491,糖,n,pos,20
3491,高,a,pos,21
3641,性价比,n,pos,0
3641,高,a,pos,1
3641,味道,n,pos,2
3641,浓淡适中,i,pos,3
3641,含糖,n,pos,4
3641,热量,n,pos,5
3641,适合,v,pos,6
3641,日常,d,pos,7
3641,饮用,n,pos,8
3840,购买,v,pos,0
3840,方便,a,pos,1
3840,东西,ns,pos,2
3840,不错,a,pos,3
3840,神速,n,pos,4
3840,快递,v,pos,5
3840,小哥,n,pos,6
3840,大热天,n,pos,7
3840,送货,v,pos,8
3840,真心,d,pos,9
3840,心疼,a,pos,10
3840,价格,n,pos,11
3840,超市,v,pos,12
3840,元,m,pos,13
3840,瓶,n,pos,14
3840,元,m,pos,15
3840,瓶,n,pos,16
3840,只能,v,pos,17
3840,真心,d,pos,18
3840,超市,v,pos,19
3840,贵,a,pos,20
3895,口感,n,pos,0
3895,清醇,n,pos,1
3895,性价比,n,pos,2
3895,高,a,pos,3
3895,买回来,l,pos,4
3895,小卖部,n,pos,5
3895,卖,v,pos,6
3895,客人,n,pos,7
3895,反映,v,pos,8
3895,销量,n,pos,9
3895,棒棒,n,pos,10
3895,批发商,n,pos,11
3895,上网,v,pos,12
3895,不错,a,pos,13
3951,自营,vn,pos,0
3951,上午,t,pos,1
3951,下午,t,pos,2
3951,到货,v,pos,3
3951,室外,s,pos,4
3951,小雨,nr,pos,5
3951,小哥,n,pos,6
3951,坑,n,pos,7
3951,次,q,pos,8
3951,坑,n,pos,9
3951,次,q,pos,10
3951,送,v,pos,11
3951,上楼,ns,pos,12
3951,真心,d,pos,13
3951,感谢,v,pos,14
3951,零糖,n,pos,15
3951,零,vn,pos,16
3951,脂肪,n,pos,17
3951,当下,t,pos,18
3951,比较,d,pos,19
3951,火,n,pos,20
3951,一款,m,pos,21
3951,适合,v,pos,22
3951,场合,n,pos,23
3951,绿色,n,pos,24
3951,强烈推荐,i,pos,25
4008,图,n,pos,0
4008,三,m,pos,1
4008,表明,v,pos,2
4008,忠实,a,pos,3
4008,粉丝,n,pos,4
4008,价格,n,pos,5
4008,贵,a,pos,6
4008,一瓶,m,pos,7
4008,差不多,l,pos,8
4008,五块,m,pos,9
4008,钱,n,pos,10
4008,负担,v,pos,11
4008,口感,n,pos,12
4008,带来,v,pos,13
4008,不同,a,pos,14
4008,含量,n,pos,15
4008,茶多酚,nz,pos,16
4008,接受,v,pos,17
4008,目前,t,pos,18
4008,排,v,pos,19
4008,第一,m,pos,20
4112,一次性,d,pos,0
4112,四种,m,pos,1
4112,口味,n,pos,2
4112,集,q,pos,3
4112,全,n,pos,4
4112,茶马,n,pos,5
4112,古道,n,pos,6
4112,包装,v,pos,7
4112,用心,n,pos,8
4112,程度,n,pos,9
4112,高,a,pos,10
4112,瓶身,n,pos,11
4112,设计,vn,pos,12
4112,用心,n,pos,13
4112,举,v,pos,14
4112,零,m,pos,15
4112,脂肪,n,pos,16
4112,零,m,pos,17
4112,卡路里,q,pos,18
4112,热爱,a,pos,19
4112,健身运动,l,pos,20
4112,绝对,d,pos,21
4112,福音,n,pos,22
4161,认为,v,pos,0
4161,口感,n,pos,1
4161,最好,a,pos,2
4161,卡路里,q,pos,3
4161,品级,n,pos,4
4161,高,a,pos,5
4161,尤其,d,pos,6
4161,水,n,pos,7
4161,起到,v,pos,8
4161,很好,a,pos,9
4161,还原作用,l,pos,10
4161,自有,v,pos,11
4161,物流,n,pos,12
4161,快递,v,pos,13
4161,时间,n,pos,14
4161,保障,v,pos,15
4284,老,a,pos,0
4284,纯净水,n,pos,1
4284,矿泉水,n,pos,2
4284,劲儿,n,pos,3
4284,最近,f,pos,4
4284,刚,d,pos,5
4284,医院,n,pos,6
4284,做,v,pos,7
4284,生化,vn,pos,8
4284,血,n,pos,9
4284,检查,vn,pos,10
4284,发现,v,pos,11
4284,尿酸,n,pos,12
4284,甘油三酯,nz,pos,13
4284,有点,n,pos,14
4284,高,a,pos,15
4284,医生,n,pos,16
4284,建议,n,pos,17
4284,碱性,n,pos,18
4284,选择,v,pos,19
4284,成分表,n,pos,20
4284,属于,v,pos,21
4284,无糖,n,pos,22
4284,低热量,n,pos,23
4284,特意,d,pos,24
4284,试纸,vn,pos,25
4284,测下,v,pos,26
4284,酸碱性,n,pos,27
4284,买错,v,pos,28
4284,口味,n,pos,29
4284,方面,n,pos,30
4284,清香,nr,pos,31
4284,怪味,n,pos,32
4284,冰镇,n,pos,33
4284,饮用,n,pos,34
4284,口感,n,pos,35
4284,更佳,v,pos,36
4284,物流,n,pos,37
4284,真,d,pos,38
4284,快,a,pos,39
4284,凌晨,t,pos,40
4284,下单,n,pos,41
4284,晚上,t,pos,42
4284,家,q,pos,43
4284,真是,d,pos,44
4284,足不出户,i,pos,45
4284,轻松,a,pos,46
4284,购,vg,pos,47
4325,父母,n,pos,0
4325,三,m,pos,1
4325,高,a,pos,2
4325,过时,t,pos,3
4325,过节,t,pos,4
4325,好多,m,pos,5
4325,不能,v,pos,6
4325,偶尔,d,pos,7
4325,一次,m,pos,8
4325,发现,v,pos,9
4325,零,m,pos,10
4325,添加,v,pos,11
4325,无糖,n,pos,12
4325,味道,n,pos,13
4325,不错,a,pos,14
4325,两箱,m,pos,15
4325,送货,v,pos,16
4325,速度,n,pos,17
4325,快,a,pos,18
4325,价格,n,pos,19
4325,实惠,vn,pos,20
4416,到货,v,pos,0
4416,迫不及待,i,pos,1
4416,打开,v,pos,2
4416,失望,v,pos,3
4416,质量,n,pos,4
4416,颜值,n,pos,5
4416,相当,d,pos,6
4416,高,a,pos,7
4725,性价比,n,pos,0
4725,高,a,pos,1
4725,单纯,a,pos,2
4725,茶水,n,pos,3
4725,无糖,n,pos,4
4857,拉,v,neg,0
4857,尤其,d,neg,1
4857,味道,n,neg,2
4857,个人,n,neg,3
4857,喜欢,v,neg,4
4857,青,a,neg,5
4857,柑,n,neg,6
4857,里面,f,neg,7
4857,柑皮,n,neg,8
4857,味道,n,neg,9
4857,属实,v,neg,10
4857,不好,d,neg,11
4857,整个,b,neg,12
4857,几个,m,neg,13
4857,口味,n,neg,14
4857,不好,d,neg,15
4857,远,a,neg,16
4857,不及,c,neg,17
4857,随手,d,neg,18
4857,泡,v,neg,19
4885,整体,n,neg,0
4885,感觉,n,neg,1
4885,柑橘,n,neg,2
4885,味,n,neg,3
4885,不怎么,l,neg,4
4885,浓,a,neg,5
4885,性价比,n,neg,6
4885,不怎么,l,neg,7
4885,高,a,neg,8
4889,日期,t,neg,0
4889,不好,d,neg,1
4889,月份,n,neg,2
4889,去年,t,neg,3
4889,月,m,neg,4
4889,生产,vn,neg,5
4900,味道,n,neg,0
4900,贵,a,neg,1
4913,不错,a,neg,0
4913,送货,v,neg,1
4913,太慢,a,neg,2
4913,希望,v,neg,3
4913,改进,v,neg,4
4913,一下,m,neg,5
4913,品质,n,neg,6
4913,保障,v,neg,7
4913,不错,a,neg,8
4913,不错,a,neg,9
4913,不从,v,neg,10
4980,价格,n,neg,0
4980,小贵,nr,neg,1
4980,超市,v,neg,2
4980,贵,a,neg,3
4980,送货上门,l,neg,4
4998,原价,n,neg,0
4998,后来,t,neg,1
4998,买完,v,neg,2
4998,发现,v,neg,3
4998,超市,v,neg,4
4998,贵,a,neg,5
4998,超市,v,neg,6
4998,卖,v,neg,7
4998,一箱,m,neg,8
4998,知道,v,neg,9
4998,定价,n,neg,10
4998,以后,f,neg,11
4998,需要,v,neg,12
4998,比价,n,neg,13
4999,价格,n,neg,0
4999,贵,a,neg,1
4999,口感,n,neg,2
5003,明白,nr,neg,0
5003,难,a,neg,1
5003,东西,ns,neg,2
5003,卖,v,neg,3
5003,贵,a,neg,4
5017,自营,vn,neg,0
5017,送货,v,neg,1
5017,物流,n,neg,2
5017,显示,v,neg,3
5017,配送,v,neg,4
5017,其实,d,neg,5
5017,送,v,neg,6
5017,配送,v,neg,7
5017,员,zg,neg,8
5017,电话,n,neg,9
5017,没人接,v,neg,10
5017,下午,t,neg,11
5017,送到,v,neg,12
5017,客服,n,neg,13
5017,配送,v,neg,14
5017,电话,n,neg,15
5017,后才,t,neg,16
5017,送来,v,neg,17
5017,体验,n,neg,18
5017,不好,d,neg,19
5019,一箱,m,neg,0
5019,一箱,m,neg,1
5019,一箱,m,neg,2
5019,不好,d,neg,3
5019,不好,d,neg,4
5019,那箱,nz,neg,5
5019,后面,f,neg,6
5019,开,v,neg,7
5019,收到,v,neg,8
5019,货,n,neg,9
5019,久,a,neg,10
5019,原本,n,neg,11
5019,不想,v,neg,12
5019,评论,n,neg,13
5019,想想,v,neg,14
5019,评论,n,neg,15
5019,一下,m,neg,16
5019,先,d,neg,17
5019,打开,v,neg,18
5019,那箱,nz,neg,19
5019,后面,f,neg,20
5019,开,v,neg,21
5019,不好,d,neg,22
5019,那箱,nz,neg,23
5019,算,v,neg,24
5019,倒霉,a,neg,25
5019,发现,v,neg,26
5019,箱子,n,neg,27
5019,封口,n,neg,28
5019,完整,a,neg,29
5019,里面,f,neg,30
5019,瓶子,n,neg,31
5019,磕碰,v,neg,32
5019,磨损,vn,neg,33
5019,外面,f,neg,34
5019,脏,a,neg,35
5019,尘,ng,neg,36
5019,几瓶,m,neg,37
5019,心里,s,neg,38
5019,膈,n,neg,39
5019,应,v,neg,40
5019,准备,v,neg,41
5019,剩下,v,neg,42
5019,扔掉,v,neg,43
5019,最近,f,neg,44
5019,不想,v,neg,45
5034,价格比,n,neg,0
5034,部分,n,neg,1
5034,便利店,n,neg,2
5034,贵,a,neg,3
5034,箱子,n,neg,4
5034,上标,j,neg,5
5034,建议,n,neg,6
5034,零售价,n,neg,7
5034,元,m,neg,8
5034,一瓶,m,neg,9
5034,一箱,m,neg,10
5034,瓶,n,neg,11
5034,一分,m,neg,12
5034,便宜,a,neg,13
5034,真是,d,neg,14
5034,够,v,neg,15
5046,竟然,d,neg,0
5046,后面,f,neg,1
5046,涨价,n,neg,2
5046,超市,v,neg,3
5046,贵,a,neg,4
5046,语,ng,neg,5
5046,不让,v,neg,6
5097,价格比,n,neg,0
5097,小卖部,n,neg,1
5097,贵,a,neg,2
5100,有点,n,neg,0
5100,贵,a,neg,1
5100,作,v,neg,2
5100,评价,n,neg,3
5102,不好,d,neg,0
5102,开盖,v,neg,1
5102,可能,v,neg,2
5102,假,n,neg,3
5129,挺,d,neg,0
5129,最近,f,neg,1
5129,服务,vn,neg,2
5129,真差,n,neg,3
5138,忠实,a,neg,0
5138,用户,n,neg,1
5138,家电,j,neg,2
5138,日用百货,n,neg,3
5138,购买,v,neg,4
5138,品质,n,neg,5
5138,保障,v,neg,6
5138,本来,t,neg,7
5138,冲着,p,neg,8
5138,便捷,a,neg,9
5138,服务,vn,neg,10
5138,配送,v,neg,11
5138,员,zg,neg,12
5138,服务,vn,neg,13
5138,差,a,neg,14
5138,基本上,n,neg,15
5138,十次,m,neg,16
5138,东西,ns,neg,17
5138,顶多,d,neg,18
5138,一次,m,neg,19
5138,送到,v,neg,20
5138,家,q,neg,21
5138,总以,c,neg,22
5138,所带,n,neg,23
5138,货品,n,neg,24
5138,多为,d,neg,25
5138,快递,v,neg,26
5138,放到,v,neg,27
5138,门卫,n,neg,28
5138,处,n,neg,29
5138,严重,a,neg,30
5138,影响,vn,neg,31
5138,购物,n,neg,32
5138,体验,n,neg,33
5138,差,a,neg,34
5138,评,n,neg,35
5138,货品,n,neg,36
5138,没得说,l,neg,37
5138,五星,nz,neg,38
5138,配送,v,neg,39
5138,员,q,neg,40
5138,服务,vn,neg,41
5138,太差,n,neg,42
5138,一星,n,neg,43
5138,造成,v,neg,44
5138,最终,d,neg,45
5138,整体,n,neg,46
5138,评价,n,neg,47
5138,三星,nz,neg,48
5142,味道,n,neg,0
5142,超市,v,neg,1
5142,贵,a,neg,2
5152,贵,a,neg,0
5152,死,v,neg,1
5152,现在,t,neg,2
5152,很少,m,neg,3
5152,打折,v,neg,4
5152,祝,v,neg,5
5152,早点,d,neg,6
5152,卖不动,l,neg,7
5152,停产,v,neg,8
5152,断,v,neg,9
5152,口瘾,n,neg,10
5161,贵,a,neg,0
5161,评价,n,neg,1
5161,早点,d,neg,2
5161,停产,v,neg,3
5161,戒,v,neg,4
5161,茶瘾,n,neg,5
5170,物流,n,neg,0
5170,太慢,a,neg,1
5170,包装,v,neg,2
5170,不好,d,neg,3
5178,卖,v,neg,0
5178,牌子,n,neg,1
5178,贵,a,neg,2
5178,追求,v,neg,3
5178,品质,n,neg,4
5178,只能,v,neg,5
5178,星,n,neg,6
5184,贵,a,neg,0
5184,不让,v,neg,1
5184,东券,n,neg,2
5199,东西,ns,neg,0
5199,贵,a,neg,1
5199,知道,v,neg,2
5199,怎么回事,l,neg,3
5205,价格,n,neg,0
5205,不好,d,neg,1
5205,居然,d,neg,2
5205,门口,s,neg,3
5205,小商店,n,neg,4
5205,贵,a,neg,5
5206,东西,ns,neg,0
5206,问题,n,neg,1
5206,送,v,neg,2
5206,太慢,a,neg,3
5206,客服,n,neg,4
5206,联系,n,neg,5
5206,好多天,m,neg,6
5225,感觉,n,neg,0
5225,走下坡路,l,neg,1
5225,购买,v,neg,2
5225,热情,n,neg,3
5225,以前,f,neg,4
5225,高,a,neg,5
5225,太累,ns,neg,6
5230,超市,v,neg,0
5230,贵,a,neg,1
5230,运费,vn,neg,2
5249,不值,n,neg,0
5249,价格,n,neg,1
5249,茶叶,n,neg,2
5249,能卖,v,neg,3
5249,贵,a,neg,4
5261,一般般,l,neg,0
5261,性价比,n,neg,1
5261,高,a,neg,2
5261,应该,v,neg,3
5261,不会,v,neg,4
5326,商品,n,neg,0
5326,送货,v,neg,1
5326,慢,a,neg,2
5329,家人,n,neg,0
5329,口味,n,neg,1
5329,清淡,a,neg,2
5329,发胖,a,neg,3
5329,几次,m,neg,4
5329,有时候,l,neg,5
5329,外面,f,neg,6
5329,纸包装,n,neg,7
5329,压被,n,neg,8
5329,弄,v,neg,9
5329,不好,d,neg,10
5329,破损,v,neg,11
5329,灰尘,n,neg,12
5329,进去,v,neg,13
5329,不好,d,neg,14
5329,希望,v,neg,15
5329,引起,v,neg,16
5329,重视,v,neg,17
5329,谢谢,nr,neg,18
5331,发票,n,neg,0
5331,超级,b,neg,1
5331,慢,a,neg,2
5331,催,v,neg,3
5331,n,eng,neg,4
5331,多遍,m,neg,5
5331,月,m,neg,6
5331,以后,f,neg,7
5331,拿到,v,neg,8
5331,发票,n,neg,9
5346,虚假,a,neg,0
5346,宣传,vn,neg,1
5346,五折,m,neg,2
5346,外面,f,neg,3
5346,卖,v,neg,4
5346,贵,a,neg,5
5346,垃圾,n,neg,6
5346,投诉,v,neg,7
5346,肯定,v,neg,8
5346,舒服,a,neg,9
5349,青柑,n,neg,0
5349,香,a,neg,1
5349,快递,v,neg,2
5349,垃圾,n,neg,3
5349,真的,d,neg,4
5349,垃圾,n,neg,5
5349,五天,t,neg,6
5349,送到,v,neg,7
5349,送上门,v,neg,8
5349,无数个,m,neg,9
5349,电话,n,neg,10
5349,退款,v,neg,11
5349,退,v,neg,12
5349,余额,n,neg,13
5349,原路,n,neg,14
5349,返回,v,neg,15
5349,再也,d,neg,16
5349,搞定,v,neg,17
5349,东西,ns,neg,18
5349,半天,m,neg,19
5349,送上门,v,neg,20
5355,之前,f,neg,0
5355,别家,r,neg,1
5355,涨价,n,neg,2
5355,完,v,neg,3
5355,做,v,neg,4
5355,活动,vn,neg,5
5355,外面,f,neg,6
5355,一瓶,m,neg,7
5355,块,zg,neg,8
5355,卖,v,neg,9
5355,外面,f,neg,10
5355,贵,a,neg,11
5355,是不是,l,neg,12
5355,觉得,v,neg,13
5355,作,v,neg,14
5355,不够,v,neg,15
5368,垃圾,n,neg,0
5368,两箱,m,neg,1
5368,送,v,neg,2
5368,一箱,m,neg,3
5368,一箱,m,neg,4
5374,辣鸡,n,neg,0
5374,找,v,neg,1
5374,肖,nr,neg,2
5374,战,n,neg,3
5374,代言,n,neg,4
5374,刘强,nr,neg,5
5374,贱,a,neg,6
5374,司马,nr,neg,7
5378,不好,d,neg,0
5378,口味,n,neg,1
5378,以前,f,neg,2
5378,以后,f,neg,3
5378,日本,ns,neg,4
5378,广告,n,neg,5
5378,事,n,neg,6
5378,不能,v,neg,7
5378,忘,v,neg,8
5386,垃圾,n,neg,0
5386,快递,v,neg,1
5386,员,zg,neg,2
5386,送错,v,neg,3
5386,地方,n,neg,4
5397,自营,vn,neg,0
5397,一律,d,neg,1
5397,差,a,neg,2
5397,评,n,neg,3
5397,已经,d,neg,4
5397,深深,b,neg,5
5397,伤害,a,neg,6
5397,贵重物品,n,neg,7
5397,尤其,d,neg,8
5397,电,n,neg,9
5397,价格,n,neg,10
5397,比同,d,neg,11
5397,平台,n,neg,12
5397,贵,a,neg,13
5397,关键,n,neg,14
5397,服务,vn,neg,15
5397,一副,m,neg,16
5397,高高在上,l,neg,17
5397,样子,n,neg,18
5397,十几年,m,neg,19
5397,平台,n,neg,20
5397,从来,d,neg,21
5397,失望,v,neg,22
5397,plus,eng,neg,23
5397,会员,n,neg,24
5397,注册,v,neg,25
5397,年,m,neg,26
5397,就当,d,neg,27
5397,骗,v,neg,28
5397,不再,d,neg,29
5397,平台,n,neg,30
5397,服务,vn,neg,31
5397,差,a,neg,32
5399,第一次,m,neg,0
5399,差,a,neg,1
5399,评,n,neg,2
5399,家人,n,neg,3
5399,刚,d,neg,4
5399,下单,n,neg,5
5399,两,m,neg,6
5399,小时,n,neg,7
5399,不到,v,neg,8
5399,降价,n,neg,9
5399,元,m,neg,10
5399,客服,n,neg,11
5399,硬,a,neg,12
5399,降价,n,neg,13
5399,理由,n,neg,14
5399,打电话,l,neg,15
5399,手机号,n,neg,16
5399,订单,n,neg,17
5399,手机号,n,neg,18
5399,一致,d,neg,19
5399,不同,a,neg,20
5399,用户,n,neg,21
5399,商品价格,n,neg,22
5399,差别,d,neg,23
5399,家人,n,neg,24
5399,东西,ns,neg,25
5399,订单,n,neg,26
5399,中,f,neg,27
5399,收货,n,neg,28
5399,地址,n,neg,29
5399,家人,n,neg,30
5399,手机号,n,neg,31
5399,不同,a,neg,32
5399,用户,n,neg,33
5399,价格,n,neg,34
5399,不同,a,neg,35
5399,难道,d,neg,36
5399,plus,eng,neg,37
5399,下单,n,neg,38
5399,活该,v,neg,39
5399,贵,a,neg,40
5401,发货,n,neg,0
5401,挺快,v,neg,1
5401,有点,n,neg,2
5401,贵,a,neg,3
5401,单买,v,neg,4
5401,贵,a,neg,5
5401,块,q,neg,6
5427,明明,t,neg,0
5427,全场,n,neg,1
5427,满减,v,neg,2
5427,部分,n,neg,3
5427,商品,n,neg,4
5427,满减,v,neg,5
5427,纯属,n,neg,6
5427,欺骗,v,neg,7
5427,消费者,n,neg,8
5428,太烂,n,neg,0
5428,居然,d,neg,1
5428,两瓶,m,neg,2
5428,开过,v,neg,3
5433,不能,v,neg,0
5433,奢求,n,neg,1
5433,寄,v,neg,2
5433,当月,t,neg,3
5433,生产,vn,neg,4
5433,寄,v,neg,5
5433,年,m,neg,6
5433,月,m,neg,7
5433,生产,vn,neg,8
5433,太过分,l,neg,9
5442,涨,v,neg,0
5442,一倍,m,neg,1
5442,价格,n,neg,2
5442,坚决,ad,neg,3
5442,超市,v,neg,4
5442,贵,a,neg,5
5442,一倍,m,neg,6
5451,整箱,n,neg,0
5451,里面,f,neg,1
5451,一个,m,neg,2
5451,空瓶,n,neg,3
5451,瓶,n,neg,4
5451,里,f,neg,5
5451,垃圾,n,neg,6
5451,售后,n,neg,7
5451,解决,v,neg,8
5451,购物,n,neg,9
5451,心理,n,neg,10
5451,踏实,a,neg,11
5452,水,n,neg,0
5452,瓶盖,n,neg,1
5452,不好,d,neg,2
5452,打开,v,neg,3
5452,紧,a,neg,4
5454,有点,n,neg,0
5454,失望,v,neg,1
5454,不行,v,neg,2
5454,找,v,neg,3
5454,找,v,neg,4
5454,第三方,m,neg,5
5454,物流,n,neg,6
5454,物流,n,neg,7
5454,垃圾,n,neg,8
5454,极品,n,neg,9
5456,差,a,neg,0
5456,评,n,neg,1
5456,约定,v,neg,2
5456,时间,n,neg,3
5456,提前,v,neg,4
5456,送货,v,neg,5
5456,体谅,v,neg,6
5456,过年,t,neg,7
5456,不让,v,neg,8
5456,物流,n,neg,9
5456,人员,n,neg,10
5456,跑,v,neg,11
5456,一趟,m,neg,12
5456,同意,d,neg,13
5456,放,v,neg,14
5456,快递,v,neg,15
5456,柜,n,neg,16
5456,今天,t,neg,17
5456,居然,d,neg,18
5456,强迫,a,neg,19
5456,放,v,neg,20
5456,快递,v,neg,21
5456,柜,n,neg,22
5456,态度,n,neg,23
5456,极其,d,neg,24
5456,恶劣,a,neg,25
5456,约定,v,neg,26
5456,初五,t,neg,27
5456,送,v,neg,28
5456,货,n,neg,29
5456,今天,t,neg,30
5456,一早,d,neg,31
5456,打电话,l,neg,32
5456,今天,t,neg,33
5456,在家,r,neg,34
5456,明天,t,neg,35
5456,下午,t,neg,36
5456,送,v,neg,37
5456,明天,t,neg,38
5456,下午,t,neg,39
5456,回家,n,neg,40
5456,陪,v,neg,41
5456,孩子,n,neg,42
5456,行,zg,neg,43
5456,不要,df,neg,44
5456,追,v,neg,45
5456,打电话,l,neg,46
5456,怼,g,neg,47
5456,上班,v,neg,48
5456,真,d,neg,49
5456,三倍,m,neg,50
5456,工资,vn,neg,51
5456,在家,r,neg,52
5456,陪,v,neg,53
5456,娃,ng,neg,54
5456,客户,n,neg,55
5456,算,v,neg,56
5456,需要,v,neg,57
5456,服务,vn,neg,58
5456,牛,n,neg,59
5456,批,v,neg,60
5468,放在,v,neg,0
5468,丰巢,nz,neg,1
5468,快递,v,neg,2
5468,柜,ng,neg,3
5468,顶层,n,neg,4
5468,真的,d,neg,5
5468,过分,n,neg,6
5470,快递,v,neg,0
5470,太次,n,neg,1
5470,素质,n,neg,2
5470,坐电梯,n,neg,3
5470,上来,t,neg,4
5470,老人,n,neg,5
5470,在家,r,neg,6
5470,直接,ad,neg,7
5470,快递,v,neg,8
5470,家里,s,neg,9
5470,老人,n,neg,10
5470,快递,v,neg,11
5470,是不是,l,neg,12
5470,有点,n,neg,13
5470,过分,n,neg,14
5471,头次,nz,neg,0
5471,碰到,v,neg,1
5471,送货,v,neg,2
5471,搬不动,v,neg,3
5471,理直气壮,i,neg,4
5471,本意,d,neg,5
5471,一箱,m,neg,6
5471,不想,v,neg,7
5471,老公,nr,neg,8
5471,十多分钟,m,neg,9
5471,挺,d,neg,10
5471,不好意思,a,neg,11
5471,帮,v,neg,12
5471,霜,n,neg,13
5471,不乐意,i,neg,14
5471,剩下,v,neg,15
5471,三箱,m,neg,16
5471,沉,v,neg,17
5471,你家,r,neg,18
5471,看来,v,neg,19
5471,闲,v,neg,20
5471,买多,v,neg,21
5471,最后,f,neg,22
5471,老公,nr,neg,23
5471,两厢,n,neg,24
5471,二箱,m,neg,25
5471,上来,t,neg,26
5471,以后,f,neg,27
5471,问,v,neg,28
5471,送货上门,l,neg,29
5471,恶狠狠,z,neg,30
5471,眼睛,n,neg,31
5471,看着,v,neg,32
5471,搬不动,v,neg,33
5471,搬下去,v,neg,34
5471,搬上来,v,neg,35
5471,挑衅,v,neg,36
5471,不动,v,neg,37
5471,不会,v,neg,38
5471,一箱,m,neg,39
5471,一箱,m,neg,40
5471,不会,v,neg,41
5471,分,v,neg,42
5471,几次,m,neg,43
5471,不动,v,neg,44
5471,知道,v,neg,45
5471,挣钱,v,neg,46
5471,求,v,neg,47
5471,干,v,neg,48
5471,这份,mq,neg,49
5471,送货员,l,neg,50
5471,工作,vn,neg,51
5471,我家,r,neg,52
5471,二楼,n,neg,53
5471,高,a,neg,54
5471,六七,m,neg,55
5471,楼,n,neg,56
5471,完,v,neg,57
5471,全,a,neg,58
5471,购物,n,neg,59
5471,多年,m,neg,60
5471,头,n,neg,61
5471,一次,m,neg,62
5471,碰到,v,neg,63
5471,态度,n,neg,64
5471,恶劣,a,neg,65
5471,送货员,l,neg,66
5471,不动,v,neg,67
5471,就别,d,neg,68
5471,干,v,neg,69
5471,这份,mq,neg,70
5471,工作,vn,neg,71
5471,想,v,neg,72
5471,挣钱,v,neg,73
5471,不想,v,neg,74
5471,干活,a,neg,75
5473,差评,n,neg,0
5476,真,d,neg,0
5476,垃圾,n,neg,1
5476,秒杀,n,neg,2
5476,原价,n,neg,3
5476,买家,n,neg,4
5476,五星,nz,neg,5
5476,快递,v,neg,6
5476,小哥,n,neg,7
5480,实体店,n,neg,0
5480,贵,a,neg,1
5493,病,n,neg,0
5493,总是,c,neg,1
5493,默认,v,neg,2
5493,白条,n,neg,3
5493,支付,v,neg,4
5493,毁,v,neg,5
5493,信誉,n,neg,6
5493,坑,n,neg,7
5493,违约金,n,neg,8
5493,客服,n,neg,9
5493,解决,v,neg,10
5501,快递,v,neg,0
5501,员,zg,neg,1
5501,态度,n,neg,2
5501,极差,n,neg,3
5501,打不,v,neg,4
5501,通电话,l,neg,5
5501,直接,ad,neg,6
5501,放,v,neg,7
5504,物流,n,neg,0
5504,是不是,l,neg,1
5504,过分,n,neg,2
5504,根本,a,neg,3
5504,够不着,l,neg,4
5504,高,a,neg,5
5504,蜂巢,n,neg,6
5504,柜子,n,neg,7
5504,关键,n,neg,8
5504,重,a,neg,9
5504,定,v,neg,10
5504,送货上门,l,neg,11
5504,现在,t,neg,12
5504,随便,d,neg,13
5504,放,v,neg,14
5504,柜子,n,neg,15
5504,里,f,neg,16
5504,何必,d,neg,17
5504,定,v,neg,18
5504,你家,r,neg,19
5508,物流,n,neg,0
5508,慢,a,neg,1
5508,一匹,m,neg,2
5508,千万别,i,neg,3
5508,厂商,n,neg,4
5508,配送,v,neg,5
5508,处理,v,neg,6
5508,配送,v,neg,7
5508,地方,n,neg,8
5508,投诉,v,neg,9
5508,客服,n,neg,10
5508,电话,n,neg,11
5508,处理,v,neg,12
5508,投诉,v,neg,13
5508,电话,n,neg,14
5508,处理,v,neg,15
5508,店大欺客,vn,neg,16
5508,自营,vn,neg,17
5508,店,n,neg,18
5508,保障,v,neg,19
5508,自营,vn,neg,20
5508,店,n,neg,21
5508,贵,a,neg,22
5508,保障,v,neg,23
5509,客服,n,neg,0
5509,n,eng,neg,1
5509,遍,v,neg,2
5509,催促,v,neg,3
5509,n,eng,neg,4
5509,遍,v,neg,5
5509,配送,v,neg,6
5509,解决问题,n,neg,7
5509,骑,v,neg,8
5509,蜗牛,n,neg,9
5509,二,m,neg,10
5509,一天,m,neg,11
5509,送到,v,neg,12
5509,防暑降温,n,neg,13
5509,物资,n,neg,14
5509,真,d,neg,15
5509,保障,v,neg,16
5509,购买,v,neg,17
5509,一定,d,neg,18
5509,三思,n,neg,19
5509,搞不好,v,neg,20
5509,死,v,neg,21
5509,回复,v,neg,22
5509,最多,d,neg,23
5509,抱歉,v,neg,24
5509,一年,m,neg,25
5509,采八,nr,neg,26
5509,十多万,m,neg,27
5509,客户,n,neg,28
5509,依然,d,neg,29
5509,得不到,v,neg,30
5509,服务态度,n,neg,31
5509,物流,n,neg,32
5509,慢,a,neg,33
5509,一匹,m,neg,34
5509,千万别,i,neg,35
5509,厂商,n,neg,36
5509,配送,v,neg,37
5509,处理,v,neg,38
5509,配送,v,neg,39
5509,地方,n,neg,40
5509,投诉,v,neg,41
5509,客服,n,neg,42
5509,电话,n,neg,43
5509,处理,v,neg,44
5509,投诉,v,neg,45
5509,电话,n,neg,46
5509,处理,v,neg,47
5509,店大欺客,vn,neg,48
5509,自营,vn,neg,49
5509,店,n,neg,50
5509,保障,v,neg,51
5509,自营,vn,neg,52
5509,店,n,neg,53
5509,贵,a,neg,54
5509,保障,v,neg,55
5511,购物,n,neg,0
5511,挺,d,neg,1
5511,不会,v,neg,2
5511,差评,n,neg,3
5511,快递,v,neg,4
5511,小哥,n,neg,5
5511,感觉,n,neg,6
5511,挺,d,neg,7
5511,容易,a,neg,8
5511,必须,d,neg,9
5511,差评,n,neg,10
5511,一个,m,neg,11
5511,订单,n,neg,12
5511,好几种,m,neg,13
5511,东西,ns,neg,14
5511,快,a,neg,15
5511,递给,v,neg,16
5511,打电话,l,neg,17
5511,小件,n,neg,18
5511,放,v,neg,19
5511,快递,v,neg,20
5511,柜,n,neg,21
5511,小件,n,neg,22
5511,放,v,neg,23
5511,后面,f,neg,24
5511,大件,n,neg,25
5511,送,v,neg,26
5511,家里,s,neg,27
5511,一箱,m,neg,28
5511,两个,m,neg,29
5511,短信,n,neg,30
5511,过来,t,neg,31
5511,放,v,neg,32
5511,快递,v,neg,33
5511,柜,ng,neg,34
5511,当时,t,neg,35
5511,一个,m,neg,36
5511,小件,n,neg,37
5511,在意,v,neg,38
5511,一大,a,neg,39
5511,一小,d,neg,40
5511,东西,ns,neg,41
5511,不太好,v,neg,42
5511,费劲,a,neg,43
5511,走路,n,neg,44
5511,小件,n,neg,45
5511,掉,zg,neg,46
5511,地上,s,neg,47
5511,几次,m,neg,48
5511,发懒,v,neg,49
5511,不要紧,l,neg,50
5511,忽悠,z,neg,51
5511,不对,v,neg,52
5511,明明,t,neg,53
5511,两个,m,neg,54
5511,件,q,neg,55
5511,小件,n,neg,56
5511,大件,n,neg,57
5511,耍弄,v,neg,58
5511,玩,v,neg,59
5511,当时,t,neg,60
5511,要说,c,neg,61
5511,大件,n,neg,62
5511,不会,v,neg,63
5511,放,v,neg,64
5511,快递,v,neg,65
5511,柜,n,neg,66
5511,大件,n,neg,67
5511,同意,d,neg,68
5511,放,v,neg,69
5511,打电话,l,neg,70
5511,时,ng,neg,71
5511,一个,m,neg,72
5511,小件,n,neg,73
5511,第二个,m,neg,74
5511,件,q,neg,75
5511,打电话,l,neg,76
5511,放,v,neg,77
5511,快递,v,neg,78
5511,柜,n,neg,79
5511,此种,r,neg,80
5511,情况,n,neg,81
5511,已经,d,neg,82
5511,第二次,m,neg,83
5511,一箱,m,neg,84
5511,搬不动,v,neg,85
5511,电梯,n,neg,86
5511,不用,v,neg,87
5511,爬楼梯,n,neg,88
5511,知道,v,neg,89
5511,不会,v,neg,90
5511,东西,ns,neg,91
5511,一个,m,neg,92
5511,送,v,neg,93
5511,快递,v,neg,94
5511,偷懒,v,neg,95
5511,耍滑,v,neg,96
5511,真的,d,neg,97
5511,经常,d,neg,98
5511,东西,ns,neg,99
5511,以前,f,neg,100
5511,送货,v,neg,101
5511,快递,v,neg,102
5511,小哥,n,neg,103
5511,熟悉,v,neg,104
5511,商量,n,neg,105
5511,着来,v,neg,106
5511,互相,d,neg,107
5511,体谅,v,neg,108
5511,下单,n,neg,109
5511,选择,v,neg,110
5511,在线,b,neg,111
5511,支付,v,neg,112
5511,小哥,n,neg,113
5511,送货,v,neg,114
5511,时,n,neg,115
5511,节约,n,neg,116
5511,时间,n,neg,117
5511,方便,a,neg,118
5511,放,v,neg,119
5511,快递,v,neg,120
5511,柜,n,neg,121
5511,最近,f,neg,122
5511,段时间,nr,neg,123
5511,换,v,neg,124
5511,一个,m,neg,125
5511,快递,v,neg,126
5511,没送,v,neg,127
5511,几次,m,neg,128
5511,货,n,neg,129
5511,不止一次,l,neg,130
5511,耍,v,neg,131
5511,小聪明,nr,neg,132
5511,聪明,a,neg,133
5511,快递,v,neg,134
5511,辛苦,a,neg,135
5511,以后,f,neg,136
5511,货到付款,l,neg,137
5511,件,q,neg,138
5511,送上来,v,neg,139
5511,惯,v,neg,140
5511,毛病,n,neg,141
5516,超级,b,neg,0
5516,难,a,neg,1
5516,口感,n,neg,2
5516,极差,n,neg,3
5519,岂有此理,i,neg,0
5519,超市,v,neg,1
5519,正常,d,neg,2
5519,价,n,neg,3
5519,贵,a,neg,4
5522,说赠,v,neg,0
5522,六瓶,m,neg,1
5522,瓶装,n,neg,2
5522,到货,v,neg,3
5522,根本,a,neg,4
5522,垃圾,n,neg,5
5529,包装,v,neg,0
5529,辣鸡,n,neg,1
5529,物品,n,neg,2
5529,灰,n,neg,3
5529,划痕,n,neg,4
5529,苏打水,nr,neg,5
5529,情况,n,neg,6
5529,完好无损,i,neg,7
5529,真是,d,neg,8
5529,一家,m,neg,9
5529,店,n,neg,10
5529,两个,m,neg,11
5529,品质,n,neg,12
5529,买到,v,neg,13
5529,全,n,neg,14
5529,看运气,n,neg,15
5541,送货,v,neg,0
5541,太慢,a,neg,1
5541,下单,n,neg,2
5541,天才,n,neg,3
5541,送到,v,neg,4
5558,第一次,m,neg,0
5558,两天,m,neg,1
5558,送到,v,neg,2
5558,催单,n,neg,3
5558,说出,v,neg,4
5558,问题,n,neg,5
5558,退款,v,neg,6
5558,重新,a,neg,7
5558,第二次,m,neg,8
5558,依然,d,neg,9
5558,送货,v,neg,10
5558,巨慢,a,neg,11
5558,写,v,neg,12
5558,第三天,m,neg,13
5558,慢,a,neg,14
5558,居然,d,neg,15
5558,送错,v,neg,16
5558,茉莉,n,neg,17
5558,送,v,neg,18
5558,青柑,n,neg,19
5558,无语,v,neg,20
5558,第一次,m,neg,21
5558,购物,n,neg,22
5558,差,a,neg,23
5558,实效性,n,neg,24
5558,体验,n,neg,25
5558,感,v,neg,26
5585,今天,t,neg,0
5585,小米,n,neg,1
5585,自营,vn,neg,2
5585,店,n,neg,3
5585,电脑,n,neg,4
5585,二手,m,neg,5
5585,电池,n,neg,6
5585,损耗,n,neg,7
5585,客服,n,neg,8
5585,欺骗,v,neg,9
5585,问,v,neg,10
5585,气不气,i,neg,11
5592,差,a,neg,0
5592,评,n,neg,1
5592,网上,s,neg,2
5592,最差,a,neg,3
5592,一次,m,neg,4
5592,水果,n,neg,5
5592,几乎,d,neg,6
5592,全,a,neg,7
5592,坏,a,neg,8
5592,建议,n,neg,9
5592,坏,a,neg,10
5592,理赔,v,neg,11
5592,得数,n,neg,12
5592,一下,m,neg,13
5592,草莓,n,neg,14
5592,比例,n,neg,15
5592,赔付,v,neg,16
5592,水果,n,neg,17
5592,体验,n,neg,18
5592,感,v,neg,19
5592,极差,n,neg,20
5592,麻烦,an,neg,21
5592,好吃,v,neg,22
5592,建议,n,neg,23
5592,避雷,v,neg,24
5594,垃圾,n,neg,0
5597,日期,t,neg,0
5597,太旧,ns,neg,1
5597,两三个,m,neg,2
5597,月,m,neg,3
5597,过期,t,neg,4
5597,颜色,n,neg,5
5597,变,v,neg,6
5597,深,a,neg,7
5597,口感,n,neg,8
5597,变差,n,neg,9
5597,更,d,neg,10
5597,过分,n,neg,11
5597,连续,a,neg,12
5597,四箱,m,neg,13
5600,差,a,neg,0
5600,电池,n,neg,1
5600,不好,d,neg,2
5600,手感,n,neg,3
5600,不好,d,neg,4
5600,魅族,n,neg,5
5600,一生,m,neg,6
5600,黑,a,neg,7
5605,希望,v,neg,0
5605,便宜,a,neg,1
5605,一点,m,neg,2
5605,卖,v,neg,3
5605,超市,v,neg,4
5605,贵,a,neg,5
5605,降价,n,neg,6
5605,超市,v,neg,7
5606,垃圾,n,neg,0
5606,客服,n,neg,1
5606,垃圾,n,neg,2
5607,垃圾,n,neg,0
5607,客服,n,neg,1
5607,垃圾,n,neg,2
5608,预计,vn,neg,0
5608,送达,v,neg,1
5608,时间,n,neg,2
5608,欺骗,v,neg,3
5608,消费者,n,neg,4
5612,垃圾,n,neg,0
5612,真的,d,neg,1
5612,赠品,n,neg,2
5617,物流,n,neg,0
5617,慢,a,neg,1
5618,垃圾,n,neg,0
5630,垃圾,n,neg,0
5630,物流,n,neg,1
5630,忽悠,z,neg,2
5630,送,v,neg,3
5630,次才,t,neg,4
5630,送完,v,neg,5
5630,垃圾,n,neg,6
5630,客服,n,neg,7
5630,态度,n,neg,8
5630,蛮横,a,neg,9
5630,投诉,v,neg,10
5630,完全,ad,neg,11
5630,人理,n,neg,12
5630,垃圾,n,neg,13
5630,快点,d,neg,14
5630,倒闭,v,neg,15
5630,赶紧,d,neg,16
5630,删,v,neg,17
5630,app,eng,neg,18
5646,月,m,neg,0
5646,号,m,neg,1
5646,下单,n,neg,2
5646,月,m,neg,3
5646,号,m,neg,4
5646,收到,v,neg,5
5646,物流,n,neg,6
5646,速度,n,neg,7
5646,脸,n,neg,8
5646,做广告,n,neg,9
5646,嘲笑,v,neg,10
5646,送货,v,neg,11
5646,慢,a,neg,12
5658,垃圾,n,neg,0
5661,请问,v,neg,0
5661,看到,v,neg,1
5661,东西,ns,neg,2
5661,送达,v,neg,3
5661,欺骗,v,neg,4
5666,旗舰店,v,neg,0
5666,品,v,neg,1
5666,控,v,neg,2
5666,质量,n,neg,3
5666,三张,m,neg,4
5666,图,n,neg,5
5666,左边,f,neg,6
5666,超市,v,neg,7
5666,平时,t,neg,8
5666,右边,f,neg,9
5666,第一次,m,neg,10
5666,颜色,n,neg,11
5666,明显,a,neg,12
5666,浅,a,neg,13
5666,口味,n,neg,14
5666,打开,v,neg,15
5666,一股,m,neg,16
5666,香精,n,neg,17
5666,味,n,neg,18
5666,挥发,v,neg,19
5666,之后,f,neg,20
5666,口味,n,neg,21
5666,白开水,nr,neg,22
5666,真的,d,neg,23
5666,失望,v,neg,24
5666,同事,n,neg,25
5666,假货,n,neg,26
5666,真是,d,neg,27
5666,很差,a,neg,28
5666,购物,n,neg,29
5666,体验,n,neg,30
5671,物流,n,neg,0
5671,力,n,neg,1
5671,希望,v,neg,2
5671,不要,df,neg,3
5671,差评,n,neg,4
5685,一箱,m,neg,0
5685,一箱,m,neg,1
5685,一箱,m,neg,2
5685,cool,eng,neg,3
5685,贵,a,neg,4
5685,差评,n,neg,5
5685,理,n,neg,6
5686,送,v,neg,0
5686,青,a,neg,1
5686,柑,n,neg,2
5686,发现,v,neg,3
5686,客服,n,neg,4
5686,入口,ns,neg,5
5686,差评,n,neg,6
5690,昨天夜里,t,neg,0
5690,活动,vn,neg,1
5690,今天,t,neg,2
5690,反,v,neg,3
5690,太过分,l,neg,4
5690,刚,d,neg,5
5690,收到,v,neg,6
5690,货,n,neg,7
5690,打开,v,neg,8
5690,退,v,neg,9
5690,不了,v,neg,10
5690,强烈要求,l,neg,11
5690,反,zg,neg,12
5690,优惠券,n,neg,13
5690,讨厌,v,neg,14
5697,赠,v,neg,0
5697,差评,n,neg,1
5697,难,a,neg,2
5698,配送,v,neg,0
5698,态度,n,neg,1
5698,超差,v,neg,2
5698,客服,n,neg,3
5698,后台,n,neg,4
5698,随意,d,neg,5
5698,取消,v,neg,6
5698,客人,n,neg,7
5698,订单,n,neg,8
5698,超,v,neg,9
5698,垃圾,n,neg,10
5701,送来,v,neg,0
5701,售后,n,neg,1
5701,完全,ad,neg,2
5701,智能,n,neg,3
5701,辣鸡,n,neg,4
5701,第一次,m,neg,5
5701,破口大骂,i,neg,6
5711,两箱,m,neg,0
5711,发给,vn,neg,1
5711,口味,n,neg,2
5711,混装,b,neg,3
5711,是不是,l,neg,4
5711,口味,n,neg,5
5711,麻,n,neg,6
5711,掉,v,neg,7
5711,过分,n,neg,8
5718,送货,v,neg,0
5718,慢,a,neg,1
5718,包装,v,neg,2
5718,破损,v,neg,3
5718,发货,n,neg,4
5718,快,a,neg,5
5718,送货,v,neg,6
5718,慢,a,neg,7
5732,差评,n,neg,0
5733,差评,n,neg,0
5733,客服,n,neg,1
